<?xml version="1.0" encoding="UTF-8" standalone="yes"?>
<addon id="plugin.video.jiotv" name="JioTV" version="2.0.13-beta" provider-name="botallen">
    <requires>
        <import addon="xbmc.python" version="2.25.0"/>
        <import addon="script.module.codequick"/>
        <import addon="script.module.inputstreamhelper"/>
        <import addon="repository.botallen" version="1.0.0" />
    </requires>
    <extension point="xbmc.python.pluginsource" library="addon.py">
        <provides>video</provides>
    </extension>
    <extension point="xbmc.service" library="service.py"/>
    <extension point="xbmc.addon.metadata">
        <summary lang="en_GB">Stream Live Indian Channels From JioTV on Kodi</summary>
        <description lang="en_GB">Enjoy Live TV expreince in Kodi.</description>
        <language></language>
        <platform>all</platform>
        <license>MIT</license>
        <forum></forum>
        <website>kodi.botallen.com</website>
        <email>kodi@botallen.com</email>
        <source>https://github.com/botallen/repository.botallen/tree/master/plugin.video.jiotv</source>
        <news>
[- 2.0.13 -]

[added] Proxy binary to improve perfomace and standalone playback for external player
[added] External player support (vlc, tivimate, ott navigator)
[added] Web login
[added] Log uploader
[added] More Star channels
[added] External source for sony and zee channels
	    </news>
        <disclaimer>This plugin is not officially commissioned/supported by Jio. The trademark "Jio" is registered by "Reliance Corporate IT Park Limited (RCITPL)"</disclaimer>
        <assets>
            <icon>resources/icon.png</icon>
            <fanart>resources/fanart.jpg</fanart>
        </assets>
        <reuselanguageinvoker>true</reuselanguageinvoker>
    </extension>
</addon>
