<?xml version="1.0" encoding="UTF-8"?>
<addon
  id="pvr.jiotv"
  version="0.0.1"
  name="JioTV"
  provider-name="botallen">
  <requires>
    <import addon="kodi.binary.global.main" version="1.0.14"/>
    <import addon="kodi.binary.instance.pvr" version="5.10.3"/>
  </requires>
  <extension
    point="xbmc.pvrclient"
    library_android="pvr.jiotv.so.0.0.1"/>
  <extension point="xbmc.addon.metadata">
    <summary lang="en_GB">Stream Live Indian Channels From JioTV on Kodi</summary>
    <description lang="en_GB">Enjoy Live TV expreince in Kodi.</description>
    <language></language>
    <license>MIT</license>
    <forum></forum>
    <website>kodi.botallen.com</website>
    <email>kodi@botallen.com</email>
    <source>https://github.com/botallen/repository.botallen/tree/master/pvr.jiotv</source>
    <news></news>
    <disclaimer>This add-on is not officially commissioned/supported by Jio. The trademark "Jio" is registered by "Reliance Corporate IT Park Limited (RCITPL)"</disclaimer>
    <assets>
      <icon>resources/icon.png</icon>
      <fanart>resources/fanart.jpg</fanart>
    </assets>
    <platform>android-armv7</platform>
    <path>pvr.jiotv+android-armv7/pvr.jiotv-0.0.1.zip</path>
  </extension>
</addon>
