<?xml version="1.0" encoding="UTF-8"?>
<addon id="repository.botallen" name="BotAllen Repository" version="1.0.0" provider-name="botallen">
    <extension point="xbmc.addon.repository" name="BotAllen Repository">
        <info compressed="false">https://github.com/botallen/repository.botallen/raw/master/addons.xml</info>
        <checksum>https://github.com/botallen/repository.botallen/raw/master/addons.xml.md5</checksum>
        <datadir zip="true">https://github.com/botallen/repository.botallen/raw/master/</datadir>
    </extension>
    <extension point="xbmc.addon.repository" name="BotAllen Beta Repository">
        <info compressed="false">https://github.com/botallen/repository.botallen/raw/beta/addons.xml</info>
        <checksum>https://github.com/botallen/repository.botallen/raw/beta/addons.xml.md5</checksum>
        <datadir zip="true">https://github.com/botallen/repository.botallen/raw/beta/</datadir>
    </extension>
    <extension point="xbmc.addon.metadata">
        <summary>Unofficial Addons for Kodi</summary>
        <description></description>
        <platform>all</platform>
        <assets>
            <icon>icon.png</icon>
            <fanart>fanart.jpg</fanart>
            <banner></banner>
            <clearlogo></clearlogo>
            <screenshot></screenshot>
        </assets>
    </extension>
</addon>